w1	w2	editsim	wn_wup
abacılık	ablacılık	0.8888888888888888	0.22222222
aberasyon	iterasyon	0.7777777777777778	0.22222222
aberasyon	operasyon	0.7777777777777778	0.25
ablacılık	alacalık	0.7777777777777778	0.23529412
ablacılık	ambalajcılık	0.75	0.22222222
ablacılık	arpacılık	0.7777777777777778	0.22222222
ablacılık	atacılık	0.7777777777777778	0.23529412
ablacılık	aynacılık	0.7777777777777778	0.22222222
ablacılık	açmacılık	0.7777777777777778	0.21052632
ablacılık	babacılık	0.7777777777777778	0.25
ablacılık	cilacılık	0.7777777777777778	0.21052632
ablacılık	kabalacılık	0.8181818181818181	0.25
ablacılık	kolacılık	0.7777777777777778	0.22222222
ablacılık	tabelacılık	0.8181818181818181	0.22222222
ablacılık	taklacılık	0.8	0.21052632
abukluk	kavukluk	0.75	0.23529412
acılık	falcılık	0.75	0.25
acınma	aşınma	0.8333333333333334	0.21052632
afakilik	makilik	0.75	0.23529412
afişleme	ateşleme	0.75	0.1904762
afişleme	dişleme	0.75	0.23529412
ajanlık	kağanlık	0.75	0.22222222
ajanlık	samanlık	0.75	0.2
akbalık	baklalık	0.75	0.17391305
akbalık	yakmalık	0.75	0.1904762
akkarıncalar	atkaracalar	0.75	0.1904762
aklanma	aşılanma	0.75	0.22222222
akliyat	bakliyat	0.875	0.22222222
akliyecilik	tasfiyecilik	0.75	0.18181819
akrilik	aktiflik	0.75	0.23529412
akrilik	asrilik	0.8571428571428572	0.22222222
akrilik	bekrilik	0.75	0.21052632
akrilik	nakşilik	0.75	0.1904762
aksona	aksuna	0.8333333333333334	0.22222222
aksırık	saksılık	0.75	0.22222222
aktarlık	karlık	0.75	0.22222222
aktarlık	mantarlık	0.7777777777777778	0.22222222
aktarma	kantarma	0.75	0.22222222
akşınlık	alınlık	0.75	0.25
alabalık	altbaşlık	0.7777777777777778	0.25
alabalık	lalalık	0.75	0.25
alabalık	salatalık	0.7777777777777778	0.22222222
alabalık	yalakalık	0.7777777777777778	0.25
alabama	alalama	0.8571428571428572	0.22222222
alabama	alazlama	0.75	0.21052632
alacak	çalacak	0.8571428571428572	0.25
alacakarga	alacakaya	0.8	0.18181819
alamana	flamanca	0.75	0.25
alaşım	paylaşım	0.75	0.25
alaşım	ulaşım	0.8333333333333334	0.25
albastı	aybastı	0.8571428571428572	0.22222222
albatr	albatros	0.75	0.18181819
alimlik	kalemlik	0.75	0.21052632
alkaevli	alkali	0.75	0.25
alkarna	balkarca	0.75	0.1904762
alkarna	malkarca	0.75	0.25
almazlık	elmalık	0.75	0.23529412
alınlık	kalınlık	0.875	0.25
alınma	aşınma	0.8333333333333334	0.22222222
alınma	kalkınma	0.75	0.25
alınış	aşınış	0.8333333333333334	0.23529412
alırlık	çayırlık	0.75	0.21052632
alışma	atışma	0.8333333333333334	0.25
alışma	kalkışma	0.75	0.25
amasyalı	mayalı	0.75	0.25
amaçlama	ağaçlaşma	0.7777777777777778	0.23529412
ambiyans	ambulans	0.75	0.21052632
anadolulu	anaokulu	0.7777777777777778	0.18181819
anafora	matafora	0.75	0.2
anahtarlık	zanaatkarlık	0.75	0.23529412
analist	kabalist	0.75	0.2
andırın	andırış	0.8571428571428572	0.25
anlaşma	bazlaşma	0.75	0.25
antakya	fantazya	0.75	0.23529412
antalya	fantazya	0.75	0.23529412
antant	lantanit	0.75	0.2
anterlin	sterlin	0.75	0.1904762
antidot	antrikot	0.75	0.23529412
antikor	antrikot	0.75	0.22222222
antrakt	antrasit	0.75	0.23529412
anutluk	barutluk	0.75	0.25
anılaşma	aşılanma	0.75	0.25
anılaşma	katılaşma	0.7777777777777778	0.23529412
anılık	anızlık	0.8571428571428572	0.25
anızlık	cansızlık	0.7777777777777778	0.25
anızlık	kabızlık	0.75	0.21052632
anızlık	kanıklık	0.75	0.25
anızlık	tanıklık	0.75	0.22222222
anızlık	tanımlık	0.75	0.1904762
anızlık	yalnızlık	0.7777777777777778	0.25
anızlık	yansızlık	0.7777777777777778	0.25
apartman	departman	0.7777777777777778	0.21052632
apaşlık	apışlık	0.8571428571428572	0.21052632
arabizasyon	kanalizasyon	0.75	0.23529412
aragonit	argonot	0.75	0.16
arakesit	trakeit	0.75	0.22222222
arakiye	faraziye	0.75	0.2
arakçılık	kavakçılık	0.8	0.24
arantı	tarantı	0.8571428571428572	0.2
arasöz	arazöz	0.8333333333333334	0.22222222
araştırman	yaraştırma	0.8	0.22222222
ardeşen	kardelen	0.75	0.15384616
ardeşen	kurdeşen	0.75	0.2
armador	armadura	0.75	0.17391305
armudiye	cumudiye	0.75	0.16666667
armudiye	cümudiye	0.75	0.16666667
artırma	kaptırma	0.75	0.2
artırma	pastırma	0.75	0.22222222
artırma	saptırma	0.75	0.18181819
arıcılık	sarıcalık	0.7777777777777778	0.1904762
arıklık	yarışlık	0.75	0.25
arılama	aşılanma	0.75	0.25
arılanma	aşılanma	0.875	0.25
arılaşma	aşılanma	0.75	0.25
arılaştırma	sıvılaştırma	0.75	0.23529412
arınma	aşınma	0.8333333333333334	0.22222222
arınma	karınma	0.8571428571428572	0.22222222
asidifikasyon	kodifikasyon	0.7692307692307692	0.23529412
astronom	gastronomi	0.8	0.1904762
astronomi	gastronom	0.7777777777777778	0.18181819
asuman	pansuman	0.75	0.17391305
asılanma	aşılanma	0.875	0.25
asıltı	ayıltı	0.8333333333333334	0.21052632
ataklık	bacaklık	0.75	0.22222222
ataklık	çatallık	0.75	0.23529412
atalık	baltalık	0.75	0.22222222
atalık	çatallık	0.75	0.22222222
ateşleme	beşleme	0.75	0.1904762
ateşleme	öteleme	0.75	0.21052632
ateşlik	işteşlik	0.75	0.22222222
atiklik	patriklik	0.7777777777777778	0.22222222
atlanta	atlantik	0.75	0.23529412
atraksiyon	traksiyon	0.9	0.21052632
atçılık	çatkılık	0.75	0.1904762
atımlık	lazımlık	0.75	0.25
avadanlık	nadanlık	0.7777777777777778	0.22222222
avcılık	falcılık	0.75	0.23529412
avrovil	lavrovit	0.75	0.1904762
avuntu	savruntu	0.75	0.23529412
ayakbastı	aybastı	0.7777777777777778	0.23529412
ayaklık	manyaklık	0.7777777777777778	0.25
ayaklık	oynaklık	0.75	0.25
ayartma	ayırtman	0.75	0.16666667
aylaklık	ayvalık	0.75	0.22222222
aylaklık	bayraklık	0.7777777777777778	0.21052632
aylaklık	kulaklık	0.75	0.2
aynalık	ayvalık	0.8571428571428572	0.23529412
ayrıcalık	sarıcalık	0.7777777777777778	0.21052632
ayrışma	bağrışma	0.75	0.2
ayvacık	ayvazlık	0.75	0.22222222
ayvalık	ayvazlık	0.875	0.25
ayvalık	ayyarlık	0.75	0.22222222
ayvalık	ayyaşlık	0.75	0.25
ayvalık	haytalık	0.75	0.22222222
ayyarlık	baytarlık	0.7777777777777778	0.21052632
ayılık	çayırlık	0.75	0.25
ayırıcı	caydırıcı	0.7777777777777778	0.25
azdırma	bandırma	0.75	0.25
azınlık	lazımlık	0.75	0.23529412
açınma	aşınma	0.8333333333333334	0.21052632
ağalık	kağanlık	0.75	0.22222222
ağdalık	çağdaşlık	0.7777777777777778	0.21052632
ağlaşma	bazlaşma	0.75	0.22222222
ağnamcı	sağlamcı	0.75	0.22222222
ağızlık	kabızlık	0.75	0.22222222
aşıklık	sapıklık	0.75	0.23529412
aşılanma	ışıklanma	0.7777777777777778	0.21052632
aşılanma	ışılama	0.75	0.25
aşılanma	ışılatma	0.75	0.25
aşıntı	kaşıntı	0.8571428571428572	0.23529412
aşıntı	ışıntı	0.8333333333333334	0.2
aşırmacı	taşımacı	0.75	0.18181819
babaeski	babaevi	0.75	0.23529412
babilik	bazilika	0.75	0.2
bacaklık	bakanlık	0.75	0.22222222
bacaklık	basıklık	0.75	0.23529412
bacaklık	bayatlık	0.75	0.23529412
bacaklık	başakçık	0.75	0.23529412
bacaklık	başatlık	0.75	0.25
bacaklık	bunaklık	0.75	0.22222222
bacaklık	kabaklık	0.75	0.25
bacaklık	kazaklık	0.75	0.25
bacaklık	salaklık	0.75	0.25
bacaklık	sapaklık	0.75	0.25
bacanak	bağlanak	0.75	0.2
badana	kadana	0.8333333333333334	0.24
bademlik	baletlik	0.75	0.21052632
bademlik	hademelik	0.7777777777777778	0.22222222
bahailik	bahçelik	0.75	0.22222222
bahçecilik	sahtecilik	0.8	0.25
bahçelik	kahpelik	0.75	0.22222222
bakanak	bağlanak	0.75	0.2
bakanlık	baklalık	0.75	0.23529412
bakara	makara	0.8333333333333334	0.18181819
bakkaliye	başkafiye	0.7777777777777778	0.23529412
bakkallık	baklalık	0.7777777777777778	0.21052632
bakkallık	balkanlık	0.7777777777777778	0.22222222
baklalık	baylanlık	0.7777777777777778	0.25
baklalık	başkalık	0.75	0.25
baklalık	fazlalık	0.75	0.25
baklalık	halalık	0.75	0.25
baklalık	kuklalık	0.75	0.21052632
baklalık	lalalık	0.75	0.22222222
baklalık	sakalık	0.75	0.21052632
bakliyat	başfiyat	0.75	0.22222222
bakliyat	nakliyat	0.875	0.1904762
bakımlık	baskınlık	0.7777777777777778	0.25
bakımlık	basıklık	0.75	0.25
bakımlık	batkınlık	0.7777777777777778	0.21052632
bakımlık	satımlık	0.75	0.2
bakımlık	tanımlık	0.75	0.1904762
bakınma	kalkınma	0.75	0.25
bakıntı	baskıncı	0.75	0.16
bakıntı	kakıntı	0.8571428571428572	0.18181819
balama	bazlama	0.8571428571428572	0.21052632
balama	bazlamaç	0.75	0.21052632
balama	bazlaşma	0.75	0.22222222
balama	bağlama	0.8571428571428572	0.2
balcılık	baskılık	0.75	0.25
balcılık	çaltılık	0.75	0.21052632
balcılık	çalılık	0.75	0.22222222
baldır	balkır	0.8333333333333334	0.25
baldırak	baldırgan	0.7777777777777778	0.2
baldırak	balsıra	0.75	0.2
baldırak	bandıra	0.75	0.1904762
baldırak	bastırak	0.75	0.21052632
baldırak	kaldıraç	0.75	0.2
baldırak	çaldıran	0.75	0.21052632
baldıranlık	saldırganlık	0.8333333333333334	0.2
baldıranlık	saldırmazlık	0.75	0.23529412
baletlik	bileklik	0.75	0.21052632
baletlik	kalemlik	0.75	0.1904762
baletlik	lalelik	0.75	0.18181819
balkanlık	batkınlık	0.7777777777777778	0.22222222
baltalık	başkalık	0.75	0.25
baltalık	halalık	0.75	0.25
baltalık	kalfalık	0.75	0.21052632
baltalık	lalalık	0.75	0.22222222
baltalık	yaltaklık	0.7777777777777778	0.25
balyalık	palalık	0.75	0.22222222
bandıra	kandırma	0.75	0.21052632
bandırma	kaldırma	0.75	0.21052632
bandırma	kandırma	0.875	0.25
bandırma	uyandırma	0.7777777777777778	0.23529412
baraka	barbakan	0.75	0.21052632
barbakan	başbayan	0.75	0.18181819
barbarlık	baytarlık	0.7777777777777778	0.2
barcılık	baskılık	0.75	0.25
barcılık	kargılık	0.75	0.22222222
bardacık	vardacı	0.75	0.25
barikat	tahrikat	0.75	0.23529412
barmenlik	yarenlik	0.7777777777777778	0.21052632
barograf	paragraf	0.75	0.22222222
baronluk	barutluk	0.75	0.21052632
baronluk	burunluk	0.75	0.21052632
baronluk	patronluk	0.7777777777777778	0.23529412
barutluk	baturluk	0.75	0.23529412
barutluk	burukluk	0.75	0.1904762
barutluk	hasutluk	0.75	0.18181819
barınma	karınma	0.8571428571428572	0.25
baskılık	batkınlık	0.7777777777777778	0.25
baskılık	baççılık	0.75	0.25
baskılık	bağcılık	0.75	0.22222222
bastika	mastika	0.8571428571428572	0.2
baston	boston	0.8333333333333334	0.25
bastırım	batırık	0.75	0.23529412
basıla	hasıla	0.8333333333333334	0.25
basınç	kasınç	0.8333333333333334	0.23529412
batakçı	yatakçı	0.8571428571428572	0.18181819
baterist	laterit	0.75	0.22222222
batkınlık	çatkılık	0.7777777777777778	0.1904762
batman	vatman	0.8333333333333334	0.18181819
batmanlı	katmalı	0.75	0.17391305
batolit	statolit	0.75	0.25
battaniye	batıniye	0.7777777777777778	0.2
baturluk	buhurluk	0.75	0.25
batırık	natırlık	0.75	0.21052632
bayağılık	bukağılık	0.7777777777777778	0.25
bayilik	bazilika	0.75	0.21052632
baylanlık	çaydanlık	0.7777777777777778	0.2
bayram	bayramiç	0.75	0.22222222
bayramlaşma	bayrampaşa	0.8181818181818181	0.22222222
bazilika	gazilik	0.75	0.23529412
bazlama	bağlanma	0.75	0.25
bazlama	bağlaşma	0.75	0.23529412
bazlama	nazlanma	0.75	0.21052632
bazlaşma	bağdaşma	0.75	0.25
bazlaşma	bağlaşma	0.875	0.25
bazlaşma	bozlama	0.75	0.22222222
bazlaşma	bulaşma	0.75	0.25
bazlaşma	dalaşma	0.75	0.21052632
bazlaşma	gazlama	0.75	0.22222222
bazlaşma	nazlanma	0.75	0.22222222
bazlaşma	tozlaşma	0.75	0.25
bazlaşma	uzlaşma	0.75	0.17391305
bazlaşma	yaklaşma	0.75	0.22222222
bazlaşma	yozlaşma	0.75	0.23529412
bağcılık	dağcılık	0.875	0.25
bağcılık	falcılık	0.75	0.23076923
bağlayış	çağlayık	0.75	0.22222222
bağlaşma	buğulaşma	0.7777777777777778	0.25
bağlık	sağlık	0.8333333333333334	0.23529412
bağımsızlık	yağışsızlık	0.8181818181818181	0.25
başaltı	boşaltış	0.75	0.23529412
başkale	başkalık	0.75	0.25
başkale	başmakale	0.7777777777777778	0.2
başlama	haşlama	0.8571428571428572	0.22222222
bedbinlik	benzinlik	0.7777777777777778	0.22222222
bedevilik	medenilik	0.7777777777777778	0.22222222
bedirik	ebedilik	0.75	0.25
beklenmezlik	beslemelik	0.75	0.22222222
beklenti	beslengi	0.75	0.2
bekletme	belleme	0.75	0.23529412
bekletme	belletmen	0.7777777777777778	0.2
belginlik	bilgilik	0.7777777777777778	0.23529412
belirleme	belleme	0.7777777777777778	0.21052632
belirme	yeldirme	0.75	0.21052632
belirtme	seğirtme	0.75	0.21052632
beliye	bevliye	0.8571428571428572	0.22222222
belleme	beşleme	0.8571428571428572	0.23529412
bengilik	bilgilik	0.75	0.25
beniçinci	benzinci	0.7777777777777778	0.25
benzeşlik	benzinlik	0.7777777777777778	0.25
benzinlik	bezginlik	0.7777777777777778	0.23529412
benzinlik	enginlik	0.7777777777777778	0.23529412
benzinlik	zenginlik	0.7777777777777778	0.25
berberlik	biberlik	0.7777777777777778	0.22222222
berberlik	mermerlik	0.7777777777777778	0.2
berdel	gerdel	0.8333333333333334	0.2
beriberi	periferi	0.75	0.22222222
besicilik	sevicilik	0.7777777777777778	0.22222222
beslengi	fesrengi	0.75	0.18181819
beslenme	evlenme	0.75	0.25
bevliye	tevliyet	0.75	0.23529412
beygirci	seyirci	0.75	0.23529412
biberlik	liderlik	0.75	0.25
biberlik	çizerlik	0.75	0.21052632
bibilik	bilgilik	0.75	0.22222222
bibilik	cibinlik	0.75	0.2
bileklik	dilleklik	0.7777777777777778	0.22222222
bileyici	izleyici	0.75	0.21052632
bileşke	birleşme	0.75	0.25
bilgilik	bircilik	0.75	0.2
bilgilik	dilcilik	0.75	0.1904762
bilgilik	millilik	0.75	0.23529412
bilgilik	sililik	0.75	0.22222222
bilgilik	tilkilik	0.75	0.22222222
bilişimci	gelişimci	0.7777777777777778	0.22222222
bilmemezlik	işitmemezlik	0.75	0.22222222
bilmezlik	tilmizlik	0.7777777777777778	0.25
bilmezlik	ölmezlik	0.7777777777777778	0.23529412
boliçe	poliçe	0.8333333333333334	0.16666667
bollanma	hollanda	0.75	0.21052632
bolonya	kolonya	0.8571428571428572	0.2
bombay	dombay	0.8333333333333334	0.15384616
borina	morina	0.8333333333333334	0.15384616
borucu	bozucu	0.8333333333333334	0.21052632
bostan	boston	0.8333333333333334	0.23529412
bovling	brovning	0.75	0.17391305
boyunluk	bozgunluk	0.7777777777777778	0.25
boyunluk	bozukluk	0.75	0.23529412
boyunluk	boğukluk	0.75	0.25
boyunluk	bunluk	0.75	0.23529412
boyunluk	doygunluk	0.7777777777777778	0.25
boyunluk	koyuluk	0.75	0.25
boyunluk	çoğunluk	0.75	0.22222222
bozukluk	solukluk	0.75	0.25
boğalık	doğallık	0.75	0.17391305
boğukluk	oğulluk	0.75	0.22222222
boğuşma	yoğuşma	0.8571428571428572	0.2
boşaltma	bunaltma	0.75	0.25
briket	kriket	0.8333333333333334	0.21052632
buharlaştırma	darlaştırma	0.7692307692307692	0.22222222
buharlaştırma	kararlaştırma	0.7692307692307692	0.2
buhran	buhurdan	0.75	0.25
buhran	bukran	0.8333333333333334	0.25
buhurluk	burukluk	0.75	0.2
bulgarca	bulgurcu	0.75	0.25
bulgurlu	burdurlu	0.75	0.23529412
bungunluk	burunluk	0.7777777777777778	0.23529412
bunluk	burunluk	0.75	0.23529412
bunluk	buzluk	0.8333333333333334	0.25
burağan	kurlağan	0.75	0.18181819
burkuntu	burunotu	0.75	0.21052632
burukluk	çubukluk	0.75	0.21052632
burunluk	durgunluk	0.7777777777777778	0.22222222
burunluk	duruluk	0.75	0.21052632
burunluk	kuruluk	0.75	0.23529412
burunluk	vurgunluk	0.7777777777777778	0.22222222
burunotu	kuruntu	0.75	0.22222222
burunotu	vuruntu	0.75	0.22222222
böceklik	köpeklik	0.75	0.25
bıcırgan	bıçılgan	0.75	0.2
bızdık	dızdık	0.8333333333333334	0.21052632
camlaştırma	darlaştırma	0.8181818181818181	0.23529412
camlaştırma	ilahlaştırma	0.75	0.23529412
camlaştırma	kamulaştırma	0.8333333333333334	0.22222222
camlaştırma	yasalaştırma	0.75	0.23529412
camlık	cağlık	0.8333333333333334	0.25
candanlık	yağdanlık	0.7777777777777778	0.22222222
candanlık	çaydanlık	0.7777777777777778	0.1904762
candanlık	şamdanlık	0.7777777777777778	0.23529412
canlılık	çalılık	0.75	0.25
caydırıcı	kaldırıcı	0.7777777777777778	0.21052632
cazcılık	mazılık	0.75	0.22222222
celeplik	eleklik	0.75	0.22222222
cellatlık	evlatlık	0.7777777777777778	0.22222222
cellâtlık	evlâtlık	0.7777777777777778	0.22222222
cereme	pereme	0.8333333333333334	0.18181819
cesurluk	susurluk	0.75	0.25
cevahir	zevahir	0.8571428571428572	0.22222222
cevizlik	semizlik	0.75	0.22222222
cevizlik	temizlik	0.75	0.23529412
cevizlik	çeviklik	0.75	0.2
ceyhan	ceylan	0.8333333333333334	0.17391305
cibinlik	nikbinlik	0.7777777777777778	0.2
cibinlik	şirinlik	0.75	0.21052632
cilacılık	kiracılık	0.7777777777777778	0.18181819
coşuntu	koşuntu	0.8571428571428572	0.21052632
cülusiye	cümudiye	0.75	0.25
cılızlık	yıldızlık	0.7777777777777778	0.25
cırnak	cırnık	0.8333333333333334	0.2
cırnık	çırnık	0.8333333333333334	0.18181819
dakiklik	dikizlik	0.75	0.25
dakiklik	makilik	0.75	0.25
dalancılık	oğlancılık	0.8	0.22222222
dalavere	dilaver	0.75	0.18181819
damacı	damlacık	0.75	0.22222222
damlalık	lalalık	0.75	0.25
damping	kamping	0.8571428571428572	0.21052632
damıtıcı	dağıtımcı	0.7777777777777778	0.2
danışman	tanışma	0.75	0.2
danışık	tanışık	0.8571428571428572	0.25
darbecik	derecik	0.75	0.21052632
dargınlık	kargılık	0.7777777777777778	0.22222222
dayılık	çayırlık	0.75	0.25
dağalası	dağlağı	0.75	0.16
dedektif	direktif	0.75	0.2
dedektif	efektif	0.75	0.16666667
dedelik	dengelik	0.75	0.22222222
defetme	denetmen	0.75	0.21052632
define	sefine	0.8333333333333334	0.2
defnetme	denetmen	0.75	0.2
dekadan	dekadans	0.875	0.2
dekstrin	doktrin	0.75	0.25
delegelik	dengelik	0.7777777777777778	0.21052632
delirme	değirmen	0.75	0.25
delirme	yeldirme	0.75	0.25
demetçik	sepetçik	0.75	0.22222222
demircik	emirlik	0.75	0.22222222
demlik	kemlik	0.8333333333333334	0.17391305
demlik	temlik	0.8333333333333334	0.17391305
deneyimcilik	devrimcilik	0.75	0.2
dengelik	çengilik	0.75	0.21052632
denizli	densizlik	0.7777777777777778	0.22222222
denizlik	denklik	0.75	0.17391305
denizlik	densizlik	0.8888888888888888	0.21052632
denizlik	dinsizlik	0.7777777777777778	0.21052632
denizlik	semizlik	0.75	0.23529412
denizlik	temizlik	0.75	0.25
denizlik	yenilik	0.75	0.25
derviş	çerviş	0.8333333333333334	0.22222222
designer	desister	0.75	0.1904762
destan	destar	0.8333333333333334	0.23529412
destar	destur	0.8333333333333334	0.25
detektif	direktif	0.75	0.18181819
detektif	efektif	0.75	0.15384616
devecilik	sevicilik	0.7777777777777778	0.21052632
develik	severlik	0.75	0.23529412
develik	zevcelik	0.75	0.25
devrek	levrek	0.8333333333333334	0.18181819
devrimcilik	getirimcilik	0.75	0.21052632
dezenfeksiyon	dezenflasyon	0.7692307692307692	0.22222222
dezenflasyon	dezenformasyon	0.7857142857142857	0.25
değinme	değirmen	0.75	0.2
değirmen	değişme	0.75	0.22222222
değirmen	seğirme	0.75	0.1904762
değişimci	gelişimci	0.7777777777777778	0.23529412
değiştirme	yetiştirme	0.8	0.23529412
difraksiyon	fraksiyon	0.8181818181818181	0.25
dikicilik	dikizlik	0.7777777777777778	0.21052632
dikizlik	dinsizlik	0.7777777777777778	0.23529412
dikizlik	dişillik	0.75	0.25
diksiyon	direksiyon	0.8	0.22222222
dilcilik	dişçilik	0.75	0.22222222
dilenci	dinlence	0.75	0.23529412
dilencilik	kilercilik	0.8	0.22222222
dilotu	dişotu	0.8333333333333334	0.23529412
dincilik	dişçilik	0.75	0.25
dincilik	incirlik	0.75	0.21052632
dinginci	dizgici	0.75	0.21052632
dinleme	dişleme	0.8571428571428572	0.22222222
dinlenme	dişleme	0.75	0.23529412
diyabaz	diyastaz	0.75	0.25
diyafram	diyagram	0.875	0.2
diyaklaz	diyakoz	0.75	0.1904762
diyaklaz	diyalaj	0.75	0.1904762
diyaklaz	diyastaz	0.75	0.21052632
diyastaz	diyastol	0.75	0.17391305
dişillik	dişlik	0.75	0.22222222
dişillik	dişçilik	0.75	0.25
dişçilik	işçelik	0.75	0.21052632
dodurga	dondurma	0.75	0.25
dokurcuk	çoğurcuk	0.75	0.1904762
dokuyuculuk	dokuzunculuk	0.8333333333333334	0.21052632
dokuyuculuk	koruyuculuk	0.8181818181818181	0.23529412
dokuyuculuk	okuyuculuk	0.9090909090909091	0.21052632
dolantaşı	dolantı	0.7777777777777778	0.25
dondurma	doğurma	0.75	0.22222222
doygunluk	oyunluk	0.7777777777777778	0.25
doğancılık	oğlancılık	0.8	0.22222222
doğrama	doğrulama	0.7777777777777778	0.22222222
doğrama	doğrulma	0.75	0.21052632
doğululuk	oğulluk	0.7777777777777778	0.22222222
doğurganlık	soğurganlık	0.9090909090909091	0.25
doğurma	soğurma	0.8571428571428572	0.23529412
doğurtma	oturtma	0.75	0.23529412
doğurtma	soğurma	0.75	0.23529412
dragoman	drahoma	0.75	0.1904762
dragoman	fragman	0.75	0.16666667
dripling	kipling	0.75	0.16
duraklama	duvaklanma	0.8	0.22222222
duvaklanma	uzaklanma	0.8	0.25
duvaklanma	yuvarlanma	0.8	0.21052632
dârlık	kârlık	0.8333333333333334	0.21052632
dölleme	dörtleme	0.75	0.25
dönmeli	dövmelik	0.75	0.18181819
dünürlük	düğürcük	0.75	0.25
düvencilik	güvencecilik	0.75	0.1904762
düşünücü	üşütücü	0.75	0.22222222
dışarılık	haşarılık	0.7777777777777778	0.22222222
ebediyet	sebebiyet	0.7777777777777778	0.25
ebeleme	erteleme	0.75	0.22222222
ebeleme	esenleme	0.75	0.23529412
ebeleme	ezberleme	0.7777777777777778	0.21052632
ebeleme	geneleme	0.75	0.2
ebeleme	gezeleme	0.75	0.2
ebeleme	lekeleme	0.75	0.23529412
ebeleme	peçeleme	0.75	0.22222222
ebeleme	zedeleme	0.75	0.21052632
edinti	esinti	0.8333333333333334	0.22222222
efelek	efelik	0.8333333333333334	0.21052632
ekicilik	sevicilik	0.7777777777777778	0.22222222
ekinci	sekinci	0.8571428571428572	0.22222222
ekinlik	enginlik	0.75	0.23529412
ekinlik	erginlik	0.75	0.25
ekinlik	ezginlik	0.75	0.23529412
ekinlik	hekimlik	0.75	0.1904762
ekinlik	sakinlik	0.75	0.23529412
ekinlik	sâkinlik	0.75	0.23529412
ekinlik	tepkinlik	0.7777777777777778	0.23529412
ekinlik	vekillik	0.75	0.25
ekinlik	yetkinlik	0.7777777777777778	0.25
ekinlik	çetinlik	0.75	0.23529412
ekinokok	ekinoks	0.75	0.2
eklenti	eğlenti	0.8571428571428572	0.25
eklenti	yüklenti	0.75	0.23529412
eksiklenme	oksitlenme	0.8	0.21052632
eleklik	ereklik	0.8571428571428572	0.25
eleklik	eylemlik	0.75	0.22222222
eleklik	eşeklik	0.8571428571428572	0.23529412
elenti	eğlenti	0.8571428571428572	0.25
eleşkirt	eleştiri	0.75	0.25
eleştirmecilik	özleştirmecilik	0.8666666666666667	0.21052632
eleştirmen	üleştirme	0.8	0.1904762
elmalık	olmazlık	0.75	0.23529412
emdirme	empirme	0.8571428571428572	0.23529412
emdirme	gezdirme	0.75	0.23529412
emdirme	sezdirme	0.75	0.23529412
emircik	kemircik	0.875	0.16
emirlik	kemircik	0.75	0.22222222
emirlik	yemişlik	0.75	0.25
emirlik	zeminlik	0.75	0.25
enjeksiyon	ereksiyon	0.8	0.22222222
entegrasyon	integrasyon	0.9090909090909091	0.25
epiderm	epikerem	0.75	0.2
erdenlik	örenlik	0.75	0.25
ereklik	çerezlik	0.75	0.23529412
ereksiyon	rezeksiyon	0.8	0.25
ergenlik	örenlik	0.75	0.25
ergilik	servilik	0.75	0.25
eriklik	eziklik	0.8571428571428572	0.23529412
eriklik	heriflik	0.75	0.22222222
eriklik	çeviklik	0.75	0.2
eriklik	şerirlik	0.75	0.22222222
erinlik	feriklik	0.75	0.22222222
erirlik	serinlik	0.75	0.23529412
ermişlik	yemişlik	0.75	0.22222222
esenleşme	esterleşme	0.8	0.22222222
esirlik	resimlik	0.75	0.25
eskilik	testilik	0.75	0.23529412
eskime	esrime	0.8333333333333334	0.25
espressivo	espresso	0.8	0.1904762
etiketlik	etkenlik	0.7777777777777778	0.25
evcilik	sevicilik	0.7777777777777778	0.21052632
evolüsyon	solüsyon	0.7777777777777778	0.22222222
eylemlik	kalemlik	0.75	0.1904762
eşeklik	fişeklik	0.75	0.2
eşeklik	gereklik	0.75	0.25
fabrika	farika	0.8571428571428572	0.23529412
falcılık	çaltılık	0.75	0.17391305
falcılık	çalılık	0.75	0.18181819
fantasma	kantarma	0.75	0.22222222
fatalist	kabalist	0.75	0.17391305
fatalizm	kataliz	0.75	0.21052632
fazlalık	palalık	0.75	0.2
federasyon	jenerasyon	0.8	0.23529412
fenalık	kenarlık	0.75	0.23529412
feriklik	ferizli	0.75	0.1904762
feriklik	gereklik	0.75	0.21052632
feriklik	serinlik	0.75	0.18181819
fethiye	methiye	0.8571428571428572	0.23529412
fidanlık	nadanlık	0.75	0.22222222
fidanlık	tiranlık	0.75	0.23529412
filateli	filibeli	0.75	0.1904762
filateli	polateli	0.75	0.21052632
filgiller	ilgililer	0.7777777777777778	0.25
fisyon	misyon	0.8333333333333334	0.25
fitnelik	iğnelik	0.75	0.21052632
fitnelik	vişnelik	0.75	0.1904762
fodulluk	folluk	0.75	0.21052632
fodulluk	oğulluk	0.75	0.17391305
fonograf	monografi	0.7777777777777778	0.23529412
fonolit	konsolit	0.75	0.16
fonolog	monolog	0.8571428571428572	0.2
formel	formen	0.8333333333333334	0.22222222
formol	formül	0.8333333333333334	0.25
fraksiyon	traksiyon	0.8888888888888888	0.22222222
frenklik	örenlik	0.75	0.22222222
friksiyon	traksiyon	0.7777777777777778	0.2
fıkracılık	fırçacılık	0.8	0.2
fındıklık	zındıklık	0.8888888888888888	0.25
fırkacılık	fırçacılık	0.9	0.2
fırkata	fırlatma	0.75	0.21052632
fırlama	fıslama	0.8571428571428572	0.2
fırlama	kırtlama	0.75	0.22222222
fırlama	şırlama	0.8571428571428572	0.21052632
fırçacılık	fıçıcılık	0.8	0.17391305
fırçacılık	sıracılık	0.8	0.16666667
fırçalık	kırmalık	0.75	0.25
fıttırma	fışkırma	0.75	0.25
fıttırma	kıstırma	0.75	0.23529412
fıttırma	sıktırma	0.75	0.22222222
gabardin	gabari	0.75	0.25
gaiplik	hatiplik	0.75	0.23529412
gaiplik	katiplik	0.75	0.23529412
gaiplik	rahiplik	0.75	0.23529412
gaiplik	rakiplik	0.75	0.22222222
gaiplik	tabiplik	0.75	0.21052632
galebe	talebe	0.8333333333333334	0.22222222
galvaniz	galvano	0.75	0.22222222
gavurluk	kavukluk	0.75	0.23529412
geciktirme	gerektirme	0.8	0.23529412
geleme	gemleme	0.8571428571428572	0.22222222
geleme	geneleme	0.75	0.21052632
geleme	gezeleme	0.75	0.21052632
gelişimci	getirimci	0.7777777777777778	0.21052632
gelişimci	girişimci	0.7777777777777778	0.21052632
geliştirme	yetiştirme	0.8	0.23529412
gemicilik	sevicilik	0.7777777777777778	0.22222222
gemilik	geçimlik	0.75	0.22222222
gemilik	geçmelik	0.75	0.21052632
gemilik	resmilik	0.75	0.22222222
gemilik	semizlik	0.75	0.25
gemlik	gezlik	0.8333333333333334	0.21052632
gemlik	geçmelik	0.75	0.21052632
gemlik	kemlik	0.8333333333333334	0.22222222
gemlik	temlik	0.8333333333333334	0.22222222
genosit	lenfosit	0.75	0.17391305
genotip	stenotip	0.75	0.1904762
gerdellik	gerçeklik	0.7777777777777778	0.25
gereklilik	gevrekçilik	0.8181818181818181	0.23529412
gereklilik	görevlilik	0.8	0.25
getirme	çektirme	0.75	0.22222222
getirtme	seğirtme	0.75	0.2
gevenlik	gevezelik	0.7777777777777778	0.25
gevrek	levrek	0.8333333333333334	0.25
gevreklik	çevrelik	0.7777777777777778	0.25
gezdirme	yedirme	0.75	0.22222222
gezdirme	yeldirme	0.75	0.21052632
geçerlik	leçelik	0.75	0.23529412
geçimlik	resimlik	0.75	0.21052632
geçmelik	leçelik	0.75	0.21052632
girimlik	giritli	0.75	0.17391305
giritli	girişlik	0.75	0.21052632
giysilik	gizlilik	0.75	0.25
giysilik	isilik	0.75	0.22222222
gizlilik	çizgilik	0.75	0.22222222
godoşluk	lodosluk	0.75	0.1904762
grafit	granit	0.8333333333333334	0.23529412
granat	granit	0.8333333333333334	0.23529412
grekoromen	rekortmen	0.8	0.2
gördek	gördes	0.8333333333333334	0.16
gördek	çördek	0.8333333333333334	0.15384616
görececilik	güvencecilik	0.75	0.1904762
görücü	göçürücü	0.75	0.1904762
görünge	yörünge	0.8571428571428572	0.21052632
gösteren	köstere	0.75	0.21052632
gösterme	köstere	0.75	0.25
gözleyici	izleyici	0.7777777777777778	0.2
göçürücü	sömürücü	0.75	0.1904762
gübürcü	gümbürtü	0.75	0.2
hafiye	haşiye	0.8333333333333334	0.18181819
hahamlık	hamamlık	0.875	0.23529412
halalık	hamamlık	0.75	0.23529412
halalık	kalçalık	0.75	0.25
halalık	salmalık	0.75	0.25
halalık	talazlık	0.75	0.25
halaza	halazade	0.75	0.16
halkalılar	halkapınar	0.8	0.2
halkiyat	hulliyat	0.75	0.25
hamaliye	kemaliye	0.75	0.1904762
hamallık	hamamlık	0.875	0.23529412
hamallık	hardallık	0.7777777777777778	0.25
hamallık	samanlık	0.75	0.22222222
hamamlık	hanımlık	0.75	0.25
hamamlık	haraplık	0.75	0.25
hamamlık	hasımlık	0.75	0.25
hamamlık	imamlık	0.75	0.2
hamamlık	yamyamlık	0.7777777777777778	0.23529412
hamamlık	şamanlık	0.75	0.21052632
hancılık	mancınık	0.75	0.2
hanımlık	lazımlık	0.75	0.25
hapçılık	harçlık	0.75	0.25
hapşırma	kaptırma	0.75	0.1904762
hapşırma	saptırma	0.75	0.17391305
harabelik	karadelik	0.7777777777777778	0.23529412
hardaliye	sardalye	0.7777777777777778	0.13793103
haritacı	marinacı	0.75	0.18181819
haritalık	hastalık	0.7777777777777778	0.25
haritalık	haytalık	0.7777777777777778	0.21052632
harmani	harmoni	0.8571428571428572	0.23529412
harmanlık	sarbanlık	0.7777777777777778	0.23529412
harmanlık	yazmanlık	0.7777777777777778	0.23529412
harmanlık	şamanlık	0.7777777777777778	0.25
hastalık	kasalık	0.75	0.23529412
hastel	hostel	0.8333333333333334	0.23529412
hasutluk	tabutluk	0.75	0.22222222
havana	savana	0.8333333333333334	0.21052632
havarilik	süvarilik	0.7777777777777778	0.22222222
hayranlık	hayvancık	0.7777777777777778	0.25
hayranlık	çaydanlık	0.7777777777777778	0.21052632
haytalık	kayalık	0.75	0.21052632
haytalık	yayalık	0.75	0.21052632
hayvanlık	çaydanlık	0.7777777777777778	0.21052632
hazırlık	lazımlık	0.75	0.22222222
hazırlık	mazılık	0.75	0.25
hazırlık	çayırlık	0.75	0.23529412
haşlama	hoşlanma	0.75	0.25
haşlama	hışlama	0.8571428571428572	0.23529412
haşlama	taşlaşma	0.75	0.23529412
hediye	hâdiye	0.8333333333333334	0.22222222
hekimlik	resimlik	0.75	0.18181819
hektar	nektar	0.8333333333333334	0.25
heriflik	serinlik	0.75	0.23529412
herkes	hermes	0.8333333333333334	0.21052632
hezliyat	hulliyat	0.75	0.22222222
hikayeci	himayeci	0.875	0.17391305
hikâyeci	himayeci	0.75	0.17391305
hilecilik	kilercilik	0.8	0.2
hisarcık	hıyarcık	0.75	0.2
hitlercilik	kilercilik	0.8181818181818181	0.22222222
hocalık	kocalık	0.8571428571428572	0.21052632
hocalık	yoncalık	0.75	0.25
hollanda	hoşlanma	0.75	0.22222222
hurmalık	kurmaylık	0.7777777777777778	0.25
hurmalık	susmalık	0.75	0.2
hürriyet	zürriyet	0.875	0.23529412
hıyarcık	hızarcı	0.75	0.18181819
hıyarcık	çınarcık	0.75	0.2
ibnelik	vişnelik	0.75	0.23529412
iftira	ihtira	0.8333333333333334	0.25
ihbariye	ihsaniye	0.75	0.22222222
ihmalcilik	ihtilalcilik	0.75	0.22222222
ihrakiye	ikramiye	0.75	0.23529412
ihrakiye	imsakiye	0.75	0.25
ihrakiye	iradiye	0.75	0.23529412
ihsaniye	imaniye	0.75	0.23529412
ihsaniye	imsakiye	0.75	0.23529412
ihsaniye	intaniye	0.75	0.22222222
ihsaniye	irsaliye	0.75	0.23529412
ihtida	ihtira	0.8333333333333334	0.23529412
ihtilam	istilzam	0.75	0.25
ihtira	ihtiras	0.8571428571428572	0.23529412
ikileme	iyileşme	0.75	0.22222222
ikircik	zivircik	0.75	0.23529412
ikizleşme	âcizleşme	0.7777777777777778	0.21052632
ilahlaştırma	islamlaştırma	0.8461538461538461	0.23529412
ilancılık	oğlancılık	0.8	0.22222222
ilericilik	kilercilik	0.8	0.25
iletme	işletmen	0.75	0.22222222
ilgililer	ingilizler	0.8	0.17391305
ilmihal	izmihlal	0.75	0.23529412
imalatçı	imdatçı	0.75	0.23529412
imaniye	osmaniye	0.75	0.23529412
imaniye	ümraniye	0.75	0.23529412
imgeci	simgeci	0.8571428571428572	0.17391305
imtisal	imtisas	0.8571428571428572	0.23529412
incirlik	izcilik	0.75	0.21052632
incirlik	kincilik	0.75	0.1904762
indirme	sindirme	0.875	0.23529412
inilti	ipilti	0.8333333333333334	0.22222222
integrasyon	iterasyon	0.8181818181818181	0.22222222
intifa	intiha	0.8333333333333334	0.25
intiha	intihal	0.8571428571428572	0.1904762
intiha	intihap	0.8571428571428572	0.25
intiha	iştiha	0.8333333333333334	0.22222222
iradiye	muradiye	0.75	0.22222222
iranlı	tiranlık	0.75	0.2
irtical	irtihal	0.8571428571428572	0.25
irtical	istical	0.8571428571428572	0.25
isevilik	ivedilik	0.75	0.23529412
isevilik	servilik	0.75	0.23529412
iskarpin	iskorpit	0.75	0.17391305
iskorbüt	iskorpit	0.75	0.24
iskota	ıskota	0.8333333333333334	0.25
islamlaştırma	kolaylaştırma	0.7692307692307692	0.23529412
islamlaştırma	ussallaştırma	0.7692307692307692	0.22222222
islâhiye	islâmiyet	0.7777777777777778	0.2
ispari	ispati	0.8333333333333334	0.18181819
israfil	israil	0.8571428571428572	0.21052632
istavrit	istavroz	0.75	0.15384616
istibat	istihbar	0.75	0.22222222
istibat	istimbot	0.75	0.16
istical	isticar	0.8571428571428572	0.23529412
istical	isticvap	0.75	0.23529412
istical	istihsal	0.75	0.23529412
istical	istimal	0.8571428571428572	0.23529412
istida	istika	0.8333333333333334	0.25
istifa	istifra	0.8571428571428572	0.25
istifa	istika	0.8333333333333334	0.22222222
istifham	istifra	0.75	0.23529412
istifham	istilzam	0.75	0.25
istifra	istifsar	0.75	0.25
istifra	istihraç	0.75	0.23529412
istifra	istikra	0.8571428571428572	0.23529412
istifra	istikrah	0.75	0.25
istifra	istikrar	0.75	0.25
istifra	istimara	0.75	0.25
istifra	istimrar	0.75	0.23529412
istifra	istiğrak	0.75	0.23529412
istihdaf	istihza	0.75	0.25
istihfaf	istihza	0.75	0.25
istihkak	istihza	0.75	0.23529412
istihkak	istika	0.75	0.2
istihkar	istika	0.75	0.25
istihlak	istimlak	0.875	0.25
istihlak	istimlâk	0.75	0.25
istihraç	istihza	0.75	0.25
istihsal	istihza	0.75	0.25
istika	istikbal	0.75	0.21052632
istika	istiklal	0.75	0.23529412
istika	istikra	0.8571428571428572	0.21052632
istika	istikrah	0.75	0.22222222
istika	istikrar	0.75	0.22222222
istika	istikraz	0.75	0.23529412
istika	istikşaf	0.75	0.2
istika	istila	0.8333333333333334	0.23529412
istika	istinkaf	0.75	0.22222222
istika	istiskal	0.75	0.23529412
istika	istiva	0.8333333333333334	0.16666667
istikbal	itikal	0.75	0.22222222
istikbâl	itikâl	0.75	0.22222222
istiklal	itikal	0.75	0.25
istiklâl	itikâl	0.75	0.25
istimara	istimna	0.75	0.23529412
istimbot	istimdat	0.75	0.1904762
istimdat	istimna	0.75	0.22222222
istimlak	istimna	0.75	0.21052632
istimna	istimrar	0.75	0.22222222
istimna	istimzaç	0.75	0.23529412
istimna	istisna	0.8571428571428572	0.25
istinabe	istinas	0.75	0.25
istinaf	istinas	0.8571428571428572	0.22222222
istinas	istintak	0.75	0.25
istinga	istinkaf	0.75	0.23529412
istinga	istinsah	0.75	0.1904762
istinga	istintak	0.75	0.22222222
istinsah	üstinsan	0.75	0.18181819
istiskal	itikal	0.75	0.25
italyalı	itayağı	0.75	0.16666667
itikaf	itikal	0.8333333333333334	0.22222222
itikâf	itikâl	0.8333333333333334	0.22222222
ivedilik	velilik	0.75	0.23529412
iyelik	midyelik	0.75	0.21052632
iyonlaşma	yozlaşma	0.7777777777777778	0.25
izcilik	çizgilik	0.75	0.22222222
iştial	iştigal	0.8571428571428572	0.1904762
işçelik	vişnelik	0.75	0.18181819
jenosit	lenfosit	0.75	0.17391305
kababurun	karaburun	0.8888888888888888	0.16
kabaklık	kavaklık	0.875	0.25
kabaklık	kızaklık	0.75	0.23529412
kabalist	kemalist	0.75	0.1904762
kabalık	kalçalık	0.75	0.25
kabalık	kasalık	0.8571428571428572	0.25
kabalık	kavaklık	0.75	0.23529412
kabalık	kağanlık	0.75	0.25
kabana	kabara	0.8333333333333334	0.23529412
kabana	kadana	0.8333333333333334	0.1904762
kabana	katana	0.8333333333333334	0.1904762
kabara	kabarma	0.8571428571428572	0.22222222
kabara	kamara	0.8333333333333334	0.23529412
kabartı	kaşbastı	0.75	0.21052632
kabuklanma	sabuklama	0.8	0.22222222
kabuklanma	sabuklanma	0.9	0.22222222
kabzımal	kazıma	0.75	0.17391305
kadastro	kalastra	0.75	0.18181819
kadercilik	kilercilik	0.8	0.21052632
kadraj	kadran	0.8333333333333334	0.2
kadıncık	kalınlık	0.75	0.1904762
kadıncık	kayınlık	0.75	0.21052632
kadırga	kaldırma	0.75	0.17391305
kadırga	kandırma	0.75	0.2
kadırga	kasırga	0.8571428571428572	0.24
kadırga	kaydırma	0.75	0.21052632
kahinlik	tahinli	0.75	0.18181819
kahire	zahire	0.8333333333333334	0.22222222
kahpelik	kaimelik	0.75	0.1904762
kahpelik	küpelik	0.75	0.22222222
kahramanlık	karamanlı	0.8181818181818181	0.25
kaimelik	kaşmerlik	0.7777777777777778	0.21052632
kakıntı	kakırtı	0.8571428571428572	0.22222222
kakıntı	karıntı	0.8571428571428572	0.22222222
kakıntı	kaşıntı	0.8571428571428572	0.2
kakıntı	sakıntı	0.8571428571428572	0.2
kakıntı	çakıntı	0.8571428571428572	0.21052632
kalamar	kalamazo	0.75	0.1904762
kalamar	palamar	0.8571428571428572	0.2
kalandır	palandız	0.75	0.23529412
kaldırma	kandıra	0.75	0.2
kaldırma	kaptırma	0.75	0.18181819
kaldırım	saldırı	0.75	0.23529412
kaldırım	saldırış	0.75	0.23529412
kaldırım	yazdırım	0.75	0.22222222
kaleci	keleci	0.8333333333333334	0.21052632
kaleci	köleci	0.8333333333333334	0.22222222
kalemlik	keleklik	0.75	0.23529412
kalemlik	keleşlik	0.75	0.23529412
kalemlik	kemlik	0.75	0.2
kalemlik	kölelik	0.75	0.23529412
kalemlik	zalimlik	0.75	0.23529412
kalfalık	kasalık	0.75	0.21052632
kalfalık	kayalık	0.75	0.22222222
kalfalık	kofalık	0.75	0.22222222
kalfalık	maltalık	0.75	0.21052632
kalfalık	palalık	0.75	0.17391305
kalfalık	salmalık	0.75	0.21052632
kalifikasyon	modifikasyon	0.75	0.25
kalinis	kaolinit	0.75	0.15384616
kalkınma	yakınma	0.75	0.25
kalsifikasyon	kodifikasyon	0.7692307692307692	0.22222222
kaltaklık	kavaklık	0.7777777777777778	0.25
kalçalık	karalık	0.75	0.17391305
kalçalık	lalalık	0.75	0.22222222
kalıklık	kavaklık	0.75	0.25
kalınlık	karıncık	0.75	0.23529412
kalınlık	kağanlık	0.75	0.23529412
kalınlık	çalılık	0.75	0.25
kalıplaşma	katılaşma	0.8	0.23529412
kalıtım	kayıtım	0.8571428571428572	0.25
kamaracı	kayracı	0.75	0.17391305
kambiyum	kombiyum	0.875	0.21052632
kambriyen	kameriye	0.7777777777777778	0.21052632
kamburluk	nalburluk	0.7777777777777778	0.23529412
kampana	kampanya	0.875	0.21052632
kampanya	kumanya	0.75	0.22222222
kampanya	şampanya	0.875	0.16666667
kanalcık	karalık	0.75	0.1904762
kanalizasyon	kapitalizasyon	0.7857142857142857	0.23529412
kanalizasyon	lokalizasyon	0.75	0.2
kanama	kantarma	0.75	0.22222222
kanarya	kantarma	0.75	0.1904762
kanarya	kaynarca	0.75	0.21052632
kanata	kaynatma	0.75	0.21052632
kanatçık	kavatlık	0.75	0.21052632
kancur	pancur	0.8333333333333334	0.17391305
kandaşlık	yanaşlık	0.7777777777777778	0.2
kandıra	kandırma	0.875	0.23529412
kandıra	kaydırma	0.75	0.25
kandırma	kantarma	0.75	0.25
kandırma	kaptırma	0.75	0.21052632
kandırma	kındıra	0.75	0.2
kandırma	mandıra	0.75	0.23529412
kantaron	kanton	0.75	0.2
kanton	kantonit	0.75	0.21052632
kanunlaşma	sabunlaşma	0.8	0.21052632
kanıklık	kavaklık	0.75	0.23529412
kapaklık	karalık	0.75	0.23529412
kapaniçe	kapasite	0.75	0.23529412
kapantı	kapıaltı	0.75	0.23529412
kapsayıcı	saptayıcı	0.7777777777777778	0.23529412
kaptanlık	kağanlık	0.7777777777777778	0.25
kaptırma	katılma	0.75	0.21052632
kaptırma	kaydırma	0.75	0.22222222
kaptırma	kaçırma	0.75	0.16666667
kapuçin	kapuçino	0.875	0.25
karaballık	karahallı	0.8	0.21052632
karabiber	karabinyer	0.8	0.21052632
karaboya	paranoya	0.75	0.1904762
karabulut	karaburun	0.7777777777777778	0.22222222
karacasu	karasu	0.75	0.21052632
karakeme	kareleme	0.75	0.22222222
karakoca	karayca	0.75	0.1904762
karakter	kraker	0.75	0.25
karakış	karkamış	0.75	0.23529412
karalık	kavaklık	0.75	0.16666667
karalık	kağanlık	0.75	0.17391305
karalık	kirazlık	0.75	0.16
karalık	yarmalık	0.75	0.17391305
karamandola	karmanyola	0.8181818181818181	0.23529412
karambol	karamel	0.75	0.23529412
karataban	karaçoban	0.7777777777777778	0.22222222
karavan	karnaval	0.75	0.22222222
karavaş	karnaval	0.75	0.2
karavel	karayel	0.8571428571428572	0.25
karavel	karnaval	0.75	0.1904762
karayaka	karayca	0.75	0.16
kardelen	kurdeşen	0.75	0.21428572
kargılık	karşılık	0.875	0.25
kargılık	kırgınlık	0.7777777777777778	0.25
kargılık	sangılık	0.75	0.25
kargılık	sarılık	0.75	0.23529412
kargılık	yargıçlık	0.7777777777777778	0.22222222
karluk	kartuk	0.8333333333333334	0.23529412
karluk	korluk	0.8333333333333334	0.23529412
karlık	karşılık	0.75	0.25
karlık	kibarlık	0.75	0.25
karmanyola	kastanyola	0.8	0.21052632
kartlık	karşılık	0.75	0.2
kartlık	karşıtlık	0.7777777777777778	0.23529412
kartlık	kavatlık	0.75	0.18181819
karıncık	karıntı	0.75	0.23529412
karındaş	karınsa	0.75	0.2
karınma	kaçınma	0.8571428571428572	0.25
karıntası	karıntı	0.7777777777777778	0.23529412
karıntı	kayıntı	0.8571428571428572	0.25
karıntı	kırkıntı	0.75	0.25
kasalık	kavaflık	0.75	0.21052632
kasalık	kavaslık	0.75	0.21052632
kasalık	kavatlık	0.75	0.21052632
kasalık	kesatlık	0.75	0.22222222
kasidecilik	tasfiyecilik	0.75	0.22222222
kasket	kasvet	0.8333333333333334	0.22222222
kasnakçı	kaynakça	0.75	0.22222222
katarakt	katrak	0.75	0.2
katarakt	katrat	0.75	0.25
katarlı	katırlık	0.75	0.23529412
katrancı	kavramcı	0.75	0.2
katrancı	kayracı	0.75	0.2
katılaşma	yapılaşma	0.7777777777777778	0.23529412
katılık	çatkılık	0.75	0.23529412
kavaflık	kavaklık	0.875	0.2
kavaflık	kavlık	0.75	0.21052632
kavaflık	kayalık	0.75	0.22222222
kavaflık	kağanlık	0.75	0.21052632
kavaflık	kovanlık	0.75	0.21052632
kavaklık	kaypaklık	0.7777777777777778	0.25
kavaklık	kaçmaklık	0.7777777777777778	0.25
kavaklık	kaçıklık	0.75	0.25
kavaklık	kovalık	0.75	0.25
kavaklık	kıvraklık	0.7777777777777778	0.25
kavaracı	kayracı	0.75	0.23529412
kavaslık	kayalık	0.75	0.22222222
kavaslık	kağanlık	0.75	0.21052632
kavaslık	kovanlık	0.75	0.21052632
kavatlık	kayalık	0.75	0.22222222
kavatlık	kağanlık	0.75	0.21052632
kavatlık	kovanlık	0.75	0.21052632
kavatlık	maşatlık	0.75	0.22222222
kavlağan	kurlağan	0.75	0.17391305
kavlık	kavlıç	0.8333333333333334	0.21052632
kavrukluk	kavukluk	0.8888888888888888	0.18181819
kavukluk	konukluk	0.75	0.23529412
kavukluk	kopukluk	0.75	0.22222222
kavukluk	savrukluk	0.7777777777777778	0.23529412
kavukluk	yavuzluk	0.75	0.23529412
kavukluk	çabukluk	0.75	0.21052632
kavukluk	çavuşluk	0.75	0.2
kavunculuk	sabunculuk	0.8	0.1904762
kavurmaç	kavuşma	0.75	0.21052632
kavurmaç	savurma	0.75	0.21052632
kayabaşı	çaybaşı	0.75	0.21052632
kayakçı	kaynakça	0.75	0.22222222
kayalık	mafyalık	0.75	0.23529412
kaymakçı	kaynakça	0.75	0.2
kaynaşlı	kaynaşma	0.75	0.22222222
kayracılık	kiracılık	0.8	0.2
kayıntı	kaşıntı	0.8571428571428572	0.22222222
kayırma	kaçırma	0.8571428571428572	0.25
kazaska	kazasker	0.75	0.2
kaçıntı	kaşıntı	0.8571428571428572	0.21052632
kağanlık	nadanlık	0.75	0.22222222
kağanlık	zağarlık	0.75	0.2
kağanlık	şamanlık	0.75	0.22222222
kefaret	sefaret	0.8571428571428572	0.22222222
kekelik	kemrelik	0.75	0.23529412
kekelik	kesmelik	0.75	0.22222222
kekelik	tekmelik	0.75	0.22222222
keklik	keleklik	0.75	0.22222222
keklik	kellik	0.8333333333333334	0.2
keklik	kemlik	0.8333333333333334	0.1904762
keklik	kesiklik	0.75	0.2
keklik	köpeklik	0.75	0.2
keklik	köçeklik	0.75	0.21052632
keklik	peklik	0.8333333333333334	0.21052632
keklik	ürkeklik	0.75	0.22222222
keleci	keçeci	0.8333333333333334	0.2
kelepir	kelepser	0.75	0.1904762
kelime	kerime	0.8333333333333334	0.21052632
kemikçik	kesiklik	0.75	0.2
kemikçik	komiklik	0.75	0.22222222
kemlik	kemrelik	0.75	0.23529412
kemlik	kesmelik	0.75	0.22222222
kenarlık	kesatlık	0.75	0.23529412
kenarlık	kibarlık	0.75	0.25
kendilik	kendirik	0.875	0.23529412
kereviz	kerteriz	0.75	0.22222222
kerime	kertme	0.8333333333333334	0.18181819
kesiklik	resimlik	0.75	0.22222222
kesinleme	keşişleme	0.7777777777777778	0.22222222
kesmelik	resmilik	0.75	0.22222222
kesmelik	resmîlik	0.75	0.22222222
keşişleme	çeşitleme	0.7777777777777778	0.22222222
kibarlık	kirazlık	0.75	0.21052632
kiklotron	kiloton	0.7777777777777778	0.2
kilercilik	kilimcilik	0.8	0.21052632
kilercilik	çilecilik	0.8	0.22222222
kiloton	ksilofon	0.75	0.18181819
kimyacılık	kiracılık	0.8	0.1904762
kiracılık	kralcılık	0.7777777777777778	0.22222222
kiracılık	kuramcılık	0.8	0.22222222
kiracılık	kurmacılık	0.8	0.21052632
kiracılık	kırıcılık	0.7777777777777778	0.22222222
kiracılık	şıracılık	0.7777777777777778	0.1904762
kiralayıcı	sıralayıcı	0.8	0.1904762
kirazlık	kurnazlık	0.7777777777777778	0.23529412
kirazlık	tiranlık	0.75	0.21052632
kirman	kirmen	0.8333333333333334	0.21052632
kirman	virman	0.8333333333333334	0.25
kispet	nispet	0.8333333333333334	0.25
kokozluk	kozluk	0.75	0.23529412
kokuşma	korkulma	0.75	0.25
kolancılık	oğlancılık	0.8	0.23529412
kolculuk	korkuluk	0.75	0.23529412
kolodyum	kolokyum	0.875	0.2
kolombiyum	kombiyum	0.8	0.25
kondom	kondor	0.8333333333333334	0.16666667
konservatif	konservatör	0.8181818181818181	0.17391305
konservatuar	konservatör	0.8333333333333334	0.18181819
konservatuar	observatuvar	0.75	0.21052632
konservatuvar	konservatör	0.7692307692307692	0.18181819
konservatuvar	observatuvar	0.8461538461538461	0.21052632
konsol	konsolit	0.75	0.18181819
konsolit	konsolos	0.75	0.14285715
kontekst	kontes	0.75	0.22222222
kontluk	konukluk	0.75	0.23529412
kontluk	koşutluk	0.75	0.23529412
kontraksiyon	konvansiyon	0.75	0.24
kontraksiyon	konveksiyon	0.75	0.21052632
kontralto	kontrast	0.7777777777777778	0.23529412
kontralto	kontrat	0.7777777777777778	0.15384616
kontrat	kontrbas	0.75	0.16666667
kontratak	kontrplak	0.7777777777777778	0.2
kontrplak	kontrpuan	0.7777777777777778	0.22222222
konuşmacı	korumacı	0.7777777777777778	0.18181819
kopukluk	solukluk	0.75	0.25
korida	koroidea	0.75	0.1904762
korint	korist	0.8333333333333334	0.17391305
korkma	kırkma	0.8333333333333334	0.21052632
korkuluk	koruculuk	0.7777777777777778	0.23529412
korluk	koçluk	0.8333333333333334	0.2
korluk	morluk	0.8333333333333334	0.2
korluk	torluk	0.8333333333333334	0.23529412
korluk	zorluk	0.8333333333333334	0.25
kornea	korner	0.8333333333333334	0.2
korner	kornet	0.8333333333333334	0.2
korner	koroner	0.8571428571428572	0.1904762
korsanlık	kovanlık	0.7777777777777778	0.21052632
korsanlık	kürdanlık	0.7777777777777778	0.2
korucuk	kovucuk	0.8571428571428572	0.17391305
korumacı	kırmacı	0.75	0.1904762
korumalık	korungalık	0.8	0.22222222
korunga	korunma	0.8571428571428572	0.22222222
koster	poster	0.8333333333333334	0.23529412
koterizasyon	vinterizasyon	0.7692307692307692	0.21052632
kovanlık	ozanlık	0.75	0.2
kovanlık	çobanlık	0.75	0.21052632
kozluk	koçluk	0.8333333333333334	0.21052632
kozluk	yozluk	0.8333333333333334	0.23529412
krizolit	pizolit	0.75	0.25
kuburluk	kuruluk	0.75	0.22222222
kuburluk	oburluk	0.75	0.23529412
kuklalık	kulaklık	0.75	0.21052632
kulaklık	uşaklık	0.75	0.22222222
kulaklık	çolaklık	0.75	0.21052632
kulakçık	kuraklık	0.75	0.21052632
kulunluk	kuruluk	0.75	0.23529412
kulunluk	puluçluk	0.75	0.25
kulunluk	sululuk	0.75	0.25
kulunluk	ululuk	0.75	0.25
kumanca	kumanya	0.8571428571428572	0.25
kumpanya	şampanya	0.75	0.25
kuraklık	kurmaylık	0.7777777777777778	0.25
kuraklık	uşaklık	0.75	0.22222222
kurama	kurtarma	0.75	0.21052632
kurlağan	kurtalan	0.75	0.2
kurlağan	urağan	0.75	0.16666667
kurlağan	şırlağan	0.75	0.1904762
kursiyer	kutsiyet	0.75	0.23529412
kuruntu	kurşuncu	0.75	0.21052632
kuruntu	kusuntu	0.8571428571428572	0.23529412
kârlık	yârlık	0.8333333333333334	0.23529412
kökleme	körükleme	0.7777777777777778	0.25
kökleme	kötüleme	0.75	0.25
kökleme	köyleşme	0.75	0.25
kökleme	köşeleme	0.75	0.25
köpeklik	küpelik	0.75	0.23529412
köprüleme	körükleme	0.7777777777777778	0.22222222
köprüleme	kötüleme	0.7777777777777778	0.22222222
körebe	köreşe	0.8333333333333334	0.21052632
kötüleme	közleme	0.75	0.23529412
köyleşme	közleme	0.75	0.23529412
közleme	köşeleme	0.75	0.23529412
közleme	sözlenme	0.75	0.23529412
közleme	sözleşme	0.75	0.2
közleme	özleme	0.8571428571428572	0.23529412
küfranlık	kürdanlık	0.7777777777777778	0.21052632
küpelik	züppelik	0.75	0.25
kıkırdak	kıkırlık	0.75	0.21052632
kıkırlık	kırlık	0.75	0.23529412
kıkırlık	kısımlık	0.75	0.23529412
kıkırlık	kıyılık	0.75	0.22222222
kıkırlık	mısırlık	0.75	0.23529412
kınacık	çınarcık	0.75	0.2
kındıra	kırdırma	0.75	0.1904762
kırdırma	kıstırma	0.75	0.23529412
kırkma	kırpma	0.8333333333333334	0.17391305
kırkıntı	ıkıntı	0.75	0.23529412
kırıklık	kızaklık	0.75	0.23529412
kırıntı	kıvrantı	0.75	0.25
kıstırma	kızdırma	0.75	0.23529412
kısırlaştırma	sıvılaştırma	0.7692307692307692	0.22222222
kısırlık	mısırlı	0.75	0.22222222
kıtlık	çıtlık	0.8333333333333334	0.25
kıvraklık	kızaklık	0.7777777777777778	0.23529412
kıyafet	kıyamet	0.8571428571428572	0.25
laksatif	lokatif	0.75	0.21052632
lakçılık	saksılık	0.75	0.22222222
lalalık	salmalık	0.75	0.22222222
lalalık	talazlık	0.75	0.22222222
lalanga	salangan	0.75	0.17391305
laminat	tazminat	0.75	0.2
laterit	planerit	0.75	0.25
laterna	platerina	0.7777777777777778	0.17391305
lazımlık	satımlık	0.75	0.1904762
lazımlık	tanımlık	0.75	0.18181819
lazımlık	yarımlık	0.75	0.25
lektör	vektör	0.8333333333333334	0.2
leylek	leylâk	0.8333333333333334	0.16666667
liderlik	siperlik	0.75	0.25
lokantacılık	noktacılık	0.75	0.21052632
lokmacılık	noktacılık	0.8	0.22222222
lostra	mostra	0.8333333333333334	0.1904762
losyon	nosyon	0.8333333333333334	0.23529412
macunluk	mahcupluk	0.7777777777777778	0.21052632
macunluk	maoculuk	0.75	0.22222222
macunluk	masonluk	0.75	0.22222222
macunluk	masumluk	0.75	0.23529412
macunluk	maymunluk	0.7777777777777778	0.22222222
madalya	padalya	0.8571428571428572	0.2
madalyon	matafyon	0.75	0.2
madencilik	medenilik	0.8	0.23529412
madensi	mandepsi	0.75	0.23529412
mafyalık	mahyalık	0.875	0.22222222
mafyalık	maltalık	0.75	0.22222222
mafyalık	yayalık	0.75	0.23529412
mahiye	nahiye	0.8333333333333334	0.21052632
mahkukat	meskukat	0.75	0.22222222
mahkûkât	meskûkât	0.75	0.22222222
mahmude	mahmudiye	0.7777777777777778	0.15384616
mahmurluk	yağmurluk	0.7777777777777778	0.22222222
mahmurluk	çamurluk	0.7777777777777778	0.25
mahsulat	tahsilat	0.75	0.22222222
mahyalık	manyaklık	0.7777777777777778	0.22222222
mahyalık	tayalık	0.75	0.21052632
makara	makarena	0.75	0.18181819
makilik	nakşilik	0.75	0.21052632
makilik	rakiplik	0.75	0.21052632
makilik	sakinlik	0.75	0.25
malarya	malatya	0.8571428571428572	0.22222222
malcılık	mancınık	0.75	0.2
malcılık	mazılık	0.75	0.22222222
malcılık	çaltılık	0.75	0.21052632
malcılık	çalılık	0.75	0.22222222
maliyecilik	tasfiyecilik	0.75	0.23529412
malkar	çalkar	0.8333333333333334	0.25
malkıran	çaldıran	0.75	0.21052632
maltalık	yaltaklık	0.7777777777777778	0.25
mamulat	muamelat	0.75	0.22222222
manavlık	mantarlık	0.7777777777777778	0.22222222
manavlık	maşatlık	0.75	0.22222222
manavlık	yanaşlık	0.75	0.1904762
manavlık	çanaklık	0.75	0.22222222
mancınık	çancılık	0.75	0.1904762
mandar	mandater	0.75	0.17391305
manika	manila	0.8333333333333334	0.1904762
manila	manivela	0.75	0.2
mansiyon	pansiyon	0.875	0.2
mantarlık	manyaklık	0.7777777777777778	0.23529412
manyaklık	çanaklık	0.7777777777777778	0.23529412
maraza	mağaza	0.8333333333333334	0.21052632
marinacı	mavnacı	0.75	0.22222222
markiz	marksizm	0.75	0.21052632
marmelat	muamelat	0.75	0.21052632
masara	masarika	0.75	0.23529412
masarif	masarika	0.75	0.1904762
matafora	metafor	0.75	0.1904762
matrakçı	yatakçı	0.75	0.14285715
mazılık	sazcılık	0.75	0.22222222
mağdurluk	yağmurluk	0.7777777777777778	0.25
maşatlık	sakatlık	0.75	0.25
maşatlık	çaşıtlık	0.75	0.23529412
mebusluk	musluk	0.75	0.21052632
mecelle	mezellet	0.75	0.21052632
mecidit	mecidiye	0.75	0.14814815
mecidiye	mesudiye	0.75	0.16
meddahlık	meydanlık	0.7777777777777778	0.23529412
medenilik	mezecilik	0.7777777777777778	0.23529412
mefhum	merhum	0.8333333333333334	0.21052632
mefruşat	meşruhat	0.75	0.23529412
melanet	melanit	0.8571428571428572	0.2
meleme	peleme	0.8333333333333334	0.25
memecik	meşecik	0.8571428571428572	0.17391305
memluk	memurluk	0.75	0.22222222
memurluk	çamurluk	0.75	0.22222222
menderes	mendirek	0.75	0.21052632
menderes	şendere	0.75	0.24
merhamet	merhume	0.75	0.23529412
merkat	metrukat	0.75	0.25
mesabe	mesane	0.8333333333333334	0.25
mesafe	mesane	0.8333333333333334	0.25
mesafelik	mesirelik	0.7777777777777778	0.23529412
mestçilik	testilik	0.7777777777777778	0.1904762
mesudiye	mesuliyet	0.7777777777777778	0.25
metelik	meyvelik	0.75	0.16666667
metelik	mezelik	0.8571428571428572	0.22222222
metelik	meşelik	0.8571428571428572	0.16666667
metrukat	meşrubat	0.75	0.22222222
meyvelik	teyzelik	0.75	0.25
mezarlık	mimarlık	0.75	0.23529412
mezozoik	mezozom	0.75	0.22222222
meşale	meşgale	0.8571428571428572	0.1904762
meşrubat	meşruta	0.75	0.21052632
mikron	mikrop	0.8333333333333334	0.21052632
minkale	münakale	0.75	0.1904762
mirasçılık	mizahçılık	0.8	0.22222222
miskal	mıskal	0.8333333333333334	0.2
mizana	mizanpaj	0.75	0.21052632
mobilya	tombilya	0.75	0.16
monadizm	onanizm	0.75	0.22222222
muadelet	muaşeret	0.75	0.18181819
muavenet	muaşeret	0.75	0.23529412
muavenet	mukavemet	0.7777777777777778	0.23529412
muaşeret	mugayeret	0.7777777777777778	0.25
mubassır	muhassıl	0.75	0.22222222
muhaddep	muhaddis	0.75	0.22222222
muharrem	muharrir	0.75	0.1904762
muhatap	muhatara	0.75	0.25
muhavvile	muhayyile	0.7777777777777778	0.22222222
mukadderat	mukaddesatçı	0.75	0.25
mukavele	mukavemet	0.7777777777777778	0.1904762
mutsuzluk	susuzluk	0.7777777777777778	0.23529412
muğlaklık	muğlalı	0.7777777777777778	0.2
müellefat	müsellesat	0.8	0.1904762
müfekkire	müvekkile	0.7777777777777778	0.21052632
müntehip	müçtehit	0.75	0.22222222
müselles	müsellim	0.75	0.25
müskat	müskirat	0.75	0.13793103
mütekellim	mütevelli	0.8	0.25
mısırlık	ısırık	0.75	0.25
nadanlık	samanlık	0.75	0.2
nadanlık	yağdanlık	0.7777777777777778	0.21052632
nadanlık	çaydanlık	0.7777777777777778	0.18181819
nadanlık	şamdanlık	0.7777777777777778	0.22222222
nakliyecilik	tasfiyecilik	0.75	0.21052632
nakşilik	şakilik	0.75	0.25
natırlık	çayırlık	0.75	0.21052632
nazariye	nazımiye	0.75	0.22222222
nazarlık	zağarlık	0.75	0.23529412
neşriyat	teşrifat	0.75	0.22222222
nihavent	nihayet	0.75	0.25
ninelik	vişnelik	0.75	0.22222222
nisaiyecilik	tasfiyecilik	0.75	0.21052632
noktacılık	oltacılık	0.8	0.23529412
noktacılık	otacılık	0.8	0.2
noktacılık	postacılık	0.8	0.22222222
odacık	ovacık	0.8333333333333334	0.25
odaklanma	opaklaşma	0.7777777777777778	0.25
odalık	oydaşlık	0.75	0.21052632
olaycılık	oğlancılık	0.8	0.23529412
olgunluk	oyunluk	0.75	0.25
onaltılık	çaltılık	0.7777777777777778	0.22222222
ongunluk	oyunluk	0.75	0.22222222
opaklaşma	ortaklaşma	0.8	0.23529412
opaklaşma	ozanlaşma	0.7777777777777778	0.25
opaklaşma	topaklaşma	0.9	0.23529412
opaklaşma	yaklaşma	0.7777777777777778	0.23529412
opsonizasyon	optimizasyon	0.75	0.25
opsonizasyon	otorizasyon	0.75	0.22222222
ordinat	ordonat	0.8571428571428572	0.24
ormancılık	oğlancılık	0.8	0.25
oyalama	oyulgama	0.75	0.21052632
oyculuk	soyluluk	0.75	0.21052632
oylama	oyulgama	0.75	0.21052632
oynaklık	çanaklık	0.75	0.23529412
oynaşlık	yanaşlık	0.75	0.1904762
oyulgama	oyumlama	0.75	0.25
oyunluk	çoğunluk	0.75	0.22222222
oğlancılık	plancılık	0.8	0.22222222
oğlancılık	soğancılık	0.8	0.22222222
oğlancılık	talancılık	0.8	0.18181819
oğlancılık	yalancılık	0.8	0.23529412
oğulluk	yoğunluk	0.75	0.22222222
oğulluk	çoğulluk	0.875	0.22222222
oğulluk	çoğunluk	0.75	0.2
pabuçluk	çabukluk	0.75	0.23529412
padalya	paskalya	0.75	0.18181819
pahalılık	paçacılık	0.7777777777777778	0.25
palalık	papalık	0.8571428571428572	0.18181819
palalık	papazlık	0.75	0.18181819
palalık	parlaklık	0.7777777777777778	0.21052632
palalık	salaklık	0.75	0.21052632
palalık	ukalalık	0.75	0.21052632
palanga	salangan	0.75	0.17391305
palavracılık	salamuracılık	0.7692307692307692	0.2
panama	planlama	0.75	0.23529412
pandik	pendik	0.8333333333333334	0.23529412
pankras	pankreas	0.875	0.18181819
pansiyon	ponksiyon	0.7777777777777778	0.17391305
pansiyon	porsiyon	0.75	0.23529412
pansiyon	tansiyon	0.875	0.25
pantalon	pentatlon	0.7777777777777778	0.23529412
papazlık	talazlık	0.75	0.22222222
paradi	parodi	0.8333333333333334	0.21052632
paragraf	paraguay	0.75	0.23529412
paralayıcı	sıralayıcı	0.8	0.1904762
paravana	pasavan	0.75	0.23529412
parter	partner	0.8571428571428572	0.23529412
parter	partöner	0.75	0.22222222
parçalanma	yaralanma	0.8	0.23529412
pasifik	pasifizm	0.75	0.23529412
paskalya	patalya	0.75	0.15384616
pastra	pastırma	0.75	0.2
patika	pratika	0.8571428571428572	0.22222222
patlıcan	satlıcan	0.875	0.2
payansızlık	saydamsızlık	0.75	0.2
paydaşlık	saydamlık	0.7777777777777778	0.22222222
paydaşlık	çaydanlık	0.7777777777777778	0.17391305
peleme	peçeleme	0.75	0.1904762
peleme	presleme	0.75	0.18181819
pelikan	çelikhan	0.75	0.18181819
pelteklik	çeltiklik	0.7777777777777778	0.22222222
pelvis	telvis	0.8333333333333334	0.2
pentagon	pentatlon	0.7777777777777778	0.23529412
pereme	perşembe	0.75	0.16666667
periferi	porifera	0.75	0.21052632
periyost	periyot	0.875	0.22222222
permiyen	termiye	0.75	0.21052632
pervin	perçin	0.8333333333333334	0.1904762
peynirci	seyirci	0.75	0.2
peyrev	peşrev	0.8333333333333334	0.22222222
piyango	piyano	0.8571428571428572	0.21052632
piyangocu	piyanocu	0.8888888888888888	0.16666667
plaket	planet	0.8333333333333334	0.25
plantasyon	prezantasyon	0.75	0.21052632
prolog	ürolog	0.8333333333333334	0.18181819
protein	protojin	0.75	0.22222222
protojin	proton	0.75	0.22222222
pulculuk	pusuluk	0.75	0.22222222
pulluk	çulluk	0.8333333333333334	0.16666667
pürtük	pürçük	0.8333333333333334	0.21052632
pürtük	sürtük	0.8333333333333334	0.18181819
pırlak	pırıldak	0.75	0.18181819
pırnallık	tırnaklık	0.7777777777777778	0.21052632
randıman	şanzıman	0.75	0.25
reaksiyon	redüksiyon	0.8	0.22222222
reaksiyon	rezeksiyon	0.8	0.21052632
reaksiyon	seksiyon	0.7777777777777778	0.22222222
reddiye	reşadiye	0.75	0.23529412
refahiye	reftiye	0.75	0.23529412
refahiye	revakiye	0.75	0.21052632
reislik	resimlik	0.75	0.2
rektör	vektör	0.8333333333333334	0.2
repertuar	rezervuar	0.7777777777777778	0.21052632
resimlik	yetimlik	0.75	0.1904762
resmilik	testilik	0.75	0.2
retina	reçina	0.8333333333333334	0.25
revakiye	reşadiye	0.75	0.21052632
rezidans	rezonans	0.75	0.22222222
rockford	rokfor	0.75	0.22222222
romanist	romans	0.75	0.21052632
sabancı	sübyancı	0.75	0.18181819
sabuklama	sabunlaşma	0.8	0.21052632
sabuklanma	sabunlaşma	0.8	0.21052632
sadaka	saraka	0.8333333333333334	0.25
sadaret	sandalet	0.75	0.2
sahaflık	samanlık	0.75	0.1904762
sahihlik	salihli	0.75	0.23529412
sakalık	salmalık	0.75	0.21052632
sakalık	samanlık	0.75	0.1904762
sakalık	yakmalık	0.75	0.23529412
sakarlık	samanlık	0.75	0.23529412
sakatlık	samanlık	0.75	0.21052632
saklantı	sulantı	0.75	0.22222222
saksafon	saksağan	0.75	0.16666667
saksılık	salcılık	0.75	0.21052632
saksılık	sangılık	0.75	0.25
saksılık	sarılık	0.75	0.23529412
saksılık	sayrılık	0.75	0.25
saksılık	sazcılık	0.75	0.22222222
sakınca	salıncak	0.75	0.22222222
salaklık	samanlık	0.75	0.23529412
salcılık	çaltılık	0.75	0.2
salcılık	çalılık	0.75	0.21052632
salmalık	saymanlık	0.7777777777777778	0.25
salmalık	saymazlık	0.7777777777777778	0.2
saltçılık	sırtçılık	0.7777777777777778	0.21052632
saltçılık	çaltılık	0.7777777777777778	0.23529412
salıncak	tapıncak	0.75	0.1904762
samanlık	sapaklık	0.75	0.23529412
samanlık	saraçlık	0.75	0.1904762
samanlık	sarbanlık	0.7777777777777778	0.1904762
samanlık	saymanlık	0.8888888888888888	0.22222222
samanlık	saymazlık	0.7777777777777778	0.18181819
samanlık	uzmanlık	0.75	0.18181819
samanlık	yavanlık	0.75	0.25
samanlık	yazmanlık	0.7777777777777778	0.1904762
samanlık	şabanlık	0.75	0.23529412
sandal	skandal	0.8571428571428572	0.23529412
sandalye	sardalya	0.75	0.24
sandalye	sardalye	0.875	0.24
sapıklık	satımlık	0.75	0.21052632
sapıklık	tanıklık	0.75	0.23529412
saraçlık	sağaçık	0.75	0.18181819
sarbanlık	sarıbalık	0.7777777777777778	0.23076923
sardoğan	sarıoğlan	0.7777777777777778	0.16666667
sarkıtma	çarpıtma	0.75	0.23529412
sarıcalık	satıcılık	0.7777777777777778	0.22222222
sarıcalık	yarıcılık	0.7777777777777778	0.21052632
sarıgöl	sarıgöz	0.8571428571428572	0.18181819
sarılık	yarışlık	0.75	0.22222222
savruntu	savunu	0.75	0.23529412
savurganlık	soğurganlık	0.8181818181818181	0.23529412
sayfiye	seyfiye	0.8571428571428572	0.25
saymanlık	çaydanlık	0.7777777777777778	0.2
sağlayış	çağlayık	0.75	0.23529412
sefalet	sefaret	0.8571428571428572	0.25
sefirlik	serinlik	0.75	0.2
sekileme	seklem	0.75	0.21052632
sekilik	serinlik	0.75	0.25
sekinci	seçkinci	0.875	0.22222222
sekincilik	sevicilik	0.8	0.22222222
selâmlık	silâhlık	0.75	0.23529412
selülit	selüloit	0.875	0.22222222
semirme	sezdirme	0.75	0.25
semirme	seğirme	0.8571428571428572	0.22222222
semitik	semizlik	0.75	0.23529412
semizlik	serinlik	0.75	0.23529412
semizlik	yemişlik	0.75	0.25
semizlik	zeminlik	0.75	0.25
sepicilik	sevicilik	0.8888888888888888	0.21052632
serinlik	seyislik	0.75	0.2
serinlik	seçimlik	0.75	0.23529412
serinlik	çetinlik	0.75	0.22222222
server	servet	0.8333333333333334	0.22222222
servilik	sesçilik	0.75	0.22222222
servilik	terzilik	0.75	0.21052632
servilik	çerçilik	0.75	0.22222222
seslik	seyislik	0.75	0.21052632
seslilik	testilik	0.75	0.22222222
sesçilik	testilik	0.75	0.1904762
sevicilik	sezgicilik	0.8	0.22222222
sevicilik	vericilik	0.7777777777777778	0.21052632
sevicilik	çivicilik	0.7777777777777778	0.22222222
seyhan	seyran	0.8333333333333334	0.2
sezdirme	yedirme	0.75	0.22222222
sezdirme	yeldirme	0.75	0.21052632
seçmen	seğmen	0.8333333333333334	0.22222222
siluet	silüet	0.8333333333333334	0.21052632
simülasyon	stimülasyon	0.9090909090909091	0.23529412
siperlik	spikerlik	0.7777777777777778	0.22222222
siperlik	çizerlik	0.75	0.21052632
solukluk	çocukluk	0.75	0.25
sonuncu	soyguncu	0.75	0.16
sonurgu	sonurtu	0.8571428571428572	0.17391305
sorgun	soygun	0.8333333333333334	0.2
soyluluk	sululuk	0.75	0.25
soyluluk	suçluluk	0.75	0.25
stenotip	stereotip	0.7777777777777778	0.18181819
suculuk	susurluk	0.75	0.21052632
sulantı	ulantı	0.8571428571428572	0.22222222
susmalık	sıtmalık	0.75	0.21052632
susturma	ustura	0.75	0.21052632
susturma	usturpa	0.75	0.2
susurluk	suçsuzluk	0.7777777777777778	0.25
susuzluk	suçsuzluk	0.8888888888888888	0.25
susuzluk	ucuzluk	0.75	0.25
söküntü	sövüntü	0.8571428571428572	0.25
sömürgeci	süpürgeci	0.7777777777777778	0.25
sömürülme	sürülme	0.7777777777777778	0.25
sürmedan	sürmenaj	0.75	0.23529412
sürmenaj	sürmene	0.75	0.25
sürtüşme	sürütme	0.75	0.22222222
sürülme	sürünme	0.8571428571428572	0.22222222
sürülme	süzülme	0.8571428571428572	0.18181819
sürütme	yürütme	0.8571428571428572	0.21052632
süzülme	üzülme	0.8571428571428572	0.25
süzüntü	üzüntü	0.8571428571428572	0.23529412
sıklaştırma	sıvılaştırma	0.8333333333333334	0.21052632
sıkıştırma	sıvılaştırma	0.75	0.22222222
sırtçılık	ırkçılık	0.7777777777777778	0.21052632
sıyırtma	sığırtmaç	0.7777777777777778	0.17391305
sıyırtma	çığırtma	0.75	0.18181819
taammüm	tahammür	0.75	0.22222222
taammüt	tahammür	0.75	0.22222222
tabanlık	çobanlık	0.75	0.25
tabliye	tahliye	0.8571428571428572	0.2
tadilat	tafsilat	0.75	0.21052632
tafsilat	tahvilat	0.75	0.2
tafsilat	taksimat	0.75	0.23529412
tafsilat	taksirat	0.75	0.25
tahammuz	tahammür	0.75	0.22222222
tahammül	tahammür	0.875	0.25
tahammür	tahassür	0.75	0.21052632
tahsisat	tesisat	0.75	0.23529412
takmazlık	talazlık	0.7777777777777778	0.22222222
takmazlık	yakmalık	0.7777777777777778	0.25
takunya	trakunya	0.875	0.18181819
tansiyon	traksiyon	0.7777777777777778	0.23529412
tantana	tanzanya	0.75	0.22222222
tanıklık	çanaklık	0.75	0.23529412
tanıtmacı	taşımacı	0.7777777777777778	0.2
tapıncak	yapıncak	0.875	0.21052632
tarantella	tarantula	0.8	0.1904762
tarpan	çarpan	0.8333333333333334	0.18181819
tarımcı	taşımacı	0.75	0.2
tasallut	tasallüp	0.75	0.23529412
tasallüp	tazallüm	0.75	0.22222222
tasfiyecilik	tesviyecilik	0.8333333333333334	0.21052632
tasfiyecilik	tuhafiyecilik	0.7692307692307692	0.21052632
tatlılık	çatkılık	0.75	0.23529412
tazeleme	teleme	0.75	0.22222222
tazminat	tezyinat	0.75	0.2
taşlamacı	taşımacı	0.7777777777777778	0.23529412
tebahhur	tefahhus	0.75	0.21052632
tebahhur	tevahhuş	0.75	0.22222222
tebessüm	teressüp	0.75	0.25
tebeşir	tebşir	0.8571428571428572	0.23529412
tecessüs	teressüp	0.75	0.25
tedenni	tefenni	0.8571428571428572	0.21052632
tedfin	telfin	0.8333333333333334	0.22222222
tedrisat	tesisat	0.75	0.21052632
teenni	tefenni	0.8571428571428572	0.25
teessüf	teressüp	0.75	0.22222222
tefarik	tefrik	0.8571428571428572	0.22222222
tefenni	temenni	0.8571428571428572	0.23529412
tefeyyüz	temeyyüz	0.875	0.25
tekemmül	teyemmüm	0.75	0.23529412
tekerleme	terleme	0.7777777777777778	0.25
tekerleme	şekerleme	0.8888888888888888	0.25
tekessür	teressüp	0.75	0.21052632
tekila	teşkilat	0.75	0.21052632
tekleşme	terleme	0.75	0.25
teklik	terlik	0.8333333333333334	0.23529412
tekmelik	teyzelik	0.75	0.25
tekmelik	teğmenlik	0.7777777777777778	0.1904762
teleme	tersleme	0.75	0.21052632
teleme	öteleme	0.8571428571428572	0.25
teleme	ötelenme	0.75	0.25
tembih	tesbih	0.8333333333333334	0.25
temerküz	temeyyüz	0.75	0.25
temettü	terettüp	0.75	0.23529412
teminat	terminal	0.75	0.25
teminat	tezyinat	0.75	0.25
temlik	terlik	0.8333333333333334	0.22222222
temren	temrin	0.8333333333333334	0.21052632
tenkisat	tesisat	0.75	0.18181819
tensikat	tesisat	0.75	0.21052632
terane	tersane	0.8571428571428572	0.25
terekküp	teressüp	0.75	0.25
teressüp	tevessü	0.75	0.2
terettüp	tesettür	0.75	0.25
terfik	terlik	0.8333333333333334	0.22222222
terhin	teshin	0.8333333333333334	0.23529412
terketme	terleme	0.75	0.22222222
terleme	tersleme	0.875	0.22222222
terleme	yerleşme	0.75	0.22222222
termin	termit	0.8333333333333334	0.1904762
terzilik	testilik	0.75	0.18181819
tesbih	teşbih	0.8333333333333334	0.23529412
teshin	teskin	0.8333333333333334	0.23529412
tesisat	teslimat	0.75	0.1904762
teslis	testis	0.8333333333333334	0.22222222
tezkire	tezkiye	0.8571428571428572	0.22222222
tezvirat	tezyinat	0.75	0.21052632
tezyinat	tezyit	0.75	0.2
tipografi	topograf	0.7777777777777778	0.22222222
tiranlık	turanlı	0.75	0.21052632
tiranlık	viranlık	0.875	0.23529412
tokluk	tozluk	0.8333333333333334	0.25
tombala	tombilya	0.75	0.22222222
tomografi	topograf	0.7777777777777778	0.2
toplantı	toptancı	0.75	0.21052632
torbacık	zorbalık	0.75	0.25
toreador	tornado	0.75	0.24
torluk	tozluk	0.8333333333333334	0.23529412
tornistan	türkistan	0.7777777777777778	0.21052632
toyluk	tozluk	0.8333333333333334	0.23529412
tozluk	yozluk	0.8333333333333334	0.22222222
trakunya	trakya	0.75	0.1904762
triatlon	triton	0.75	0.25
triboloji	triloji	0.7777777777777778	0.1904762
triftong	triton	0.75	0.25
trombon	tromboz	0.8571428571428572	0.2
turbalık	tuğbaylık	0.7777777777777778	0.21052632
törellik	örenlik	0.75	0.22222222
türetiş	üretiş	0.8571428571428572	0.23529412
tırnaklık	şırnaklı	0.7777777777777778	0.16666667
tığlık	çığlık	0.8333333333333334	0.22222222
ummanlı	uzmanlık	0.75	0.18181819
verona	veronika	0.75	0.18181819
vesaik	vesait	0.8333333333333334	0.23529412
yaklaşma	yağlama	0.75	0.23529412
yakmalık	yazmanlık	0.7777777777777778	0.23529412
yalnızlık	yıldızlık	0.7777777777777778	0.25
yamalık	yazmanlık	0.7777777777777778	0.22222222
yamalık	şamanlık	0.75	0.23529412
yanaşlık	yapaylık	0.75	0.23529412
yanaşlık	yararlık	0.75	0.23529412
yanaşlık	yaraşık	0.75	0.23529412
yanaşlık	yasallık	0.75	0.23529412
yanaşlık	yavanlık	0.75	0.25
yanaşlık	yazarlık	0.75	0.23529412
yanaşlık	yaşarlık	0.75	0.23529412
yandaşlık	yağdanlık	0.7777777777777778	0.25
yanlık	çıyanlık	0.75	0.1904762
yanlışlık	yarışlık	0.7777777777777778	0.21052632
yanıltı	yağıltı	0.8571428571428572	0.22222222
yapracık	yaraşık	0.75	0.25
yardak	yarrak	0.8333333333333334	0.22222222
yardak	çardak	0.8333333333333334	0.22222222
yarenlik	örenlik	0.75	0.25
yargıçlık	yarışlık	0.7777777777777778	0.21052632
yarmalık	yazmanlık	0.7777777777777778	0.21052632
yarmalık	yosmalık	0.75	0.25
yarıntı	çarpıntı	0.75	0.25
yarışlık	yağılık	0.75	0.22222222
yatkınlık	çatkılık	0.7777777777777778	0.21052632
yatçılık	çatkılık	0.75	0.1904762
yazmanlık	yağdanlık	0.7777777777777778	0.2
yağdanlık	çağdaşlık	0.7777777777777778	0.22222222
yağıltı	çağıltı	0.8571428571428572	0.25
yemişlik	yezitlik	0.75	0.18181819
yetimlik	yeşillik	0.75	0.22222222
yetiştirme	çekiştirme	0.8	0.22222222
yezitlik	yeşillik	0.75	0.2
yezitlik	şehitlik	0.75	0.1904762
yoncalık	yosmalık	0.75	0.25
yârenlik	örenlik	0.75	0.25
yüregir	yüreğir	0.8571428571428572	0.25
yürütücü	üşütücü	0.75	0.2
yıkkınlık	yılkılık	0.7777777777777778	0.18181819
yıkılış	yılkılık	0.75	0.16666667
zeamet	şeamet	0.8333333333333334	0.25
zekavet	zeravent	0.75	0.22222222
zekilik	zeminlik	0.75	0.23529412
zeminlik	zenginlik	0.7777777777777778	0.25
zeminlik	çetinlik	0.75	0.23529412
zevcelik	çevrelik	0.75	0.25
zeytinlik	çetinlik	0.7777777777777778	0.25
zillet	zilyet	0.8333333333333334	0.21052632
zıtlık	çıtlık	0.8333333333333334	0.22222222
çabukluk	çamurluk	0.75	0.25
çabukluk	çubukluk	0.875	0.25
çakmaklı	çıkmaklık	0.7777777777777778	0.16666667
çakıllık	çapkınlık	0.7777777777777778	0.23529412
çakıllık	çağcıllık	0.7777777777777778	0.25
çakıllık	çaşıtlık	0.75	0.23529412
çaltılık	çancılık	0.75	0.2
çaltılık	çaycılık	0.75	0.21052632
çaltılık	çağrılık	0.75	0.21052632
çalılık	çancılık	0.75	0.21052632
çalılık	çaycılık	0.75	0.22222222
çalılık	çağrılık	0.75	0.22222222
çalılık	çaşıtlık	0.75	0.23529412
çamurluk	çavuşluk	0.75	0.23529412
çanaklık	çolaklık	0.75	0.22222222
çancılık	çatkılık	0.75	0.18181819
çangırtı	çankırı	0.75	0.22222222
çapkınlık	çatkılık	0.7777777777777778	0.2
çarkçılık	çatkılık	0.7777777777777778	0.1904762
çarlık	çağrılık	0.75	0.21052632
çatanacı	çayağacı	0.75	0.1904762
çatkılık	çaycılık	0.75	0.1904762
çatkılık	çağrılık	0.75	0.1904762
çaydanlık	çağdaşlık	0.7777777777777778	0.1904762
çaydanlık	çıyanlık	0.7777777777777778	0.15384616
çayırlık	çaşıtlık	0.75	0.22222222
çağrılık	çığralık	0.75	0.22222222
çağırma	çığırtma	0.75	0.21052632
çaşıtlık	çıtlık	0.75	0.18181819
çekirge	çevirgeç	0.75	0.25
çekmelik	çevrelik	0.75	0.1904762
çektirici	çeldirici	0.7777777777777778	0.1904762
çeltiklik	çetinlik	0.7777777777777778	0.23529412
çeltiklik	çeviklik	0.7777777777777778	0.22222222
çengilik	çeşnilik	0.75	0.21052632
çengilik	çizgilik	0.75	0.2
çerezci	çerkezce	0.75	0.2
çerezlik	çerçilik	0.75	0.21052632
çerezlik	çömezlik	0.75	0.23529412
çergeci	çergici	0.8571428571428572	0.15384616
çerçilik	çeşnilik	0.75	0.21052632
çeviklik	çevrelik	0.75	0.21052632
çimenlik	çizerlik	0.75	0.21052632
çimenlik	çömezlik	0.75	0.25
çizerlik	çiçeklik	0.75	0.22222222
çıfıtlık	çıtlık	0.75	0.16666667
çıkmaklık	çıkralık	0.7777777777777778	0.2
çıkmazlık	çıkralık	0.7777777777777778	0.23529412
çıtlık	çığlık	0.8333333333333334	0.18181819
çığlık	çığralık	0.75	0.23529412
özerklik	üzerlik	0.75	0.22222222
üzengi	üzenti	0.8333333333333334	0.22222222
ıskarmoz	ıspazmoz	0.75	0.25
şahitlik	şehitlik	0.875	0.23529412
şahlık	şaşlık	0.8333333333333334	0.23529412
şahmeran	şahmerdan	0.8888888888888888	0.2
şakayık	şapkalık	0.75	0.23529412
şaplak	şaprak	0.8333333333333334	0.23529412
şorolo	şorolop	0.8571428571428572	0.17391305
şıklık	şıllık	0.8333333333333334	0.16
şırlama	şırlağan	0.75	0.22222222
